Dates,"['2019-01-01', '2019-01-07', '2019-01-14', '2019-01-21', '2019-01-28', '2019-02-04', '2019-02-11', '2019-02-18', '2019-02-25', '2019-03-04', '2019-03-11', '2019-03-18', '2019-03-25', '2019-04-01', '2019-04-08', '2019-04-15', '2019-04-22', '2019-04-29', '2019-05-06', '2019-05-13', '2019-05-20', '2019-05-27', '2019-06-03', '2019-06-10', '2019-06-17', '2019-06-24', '2019-07-01', '2019-07-08', '2019-07-15', '2019-07-22', '2019-07-29', '2019-08-05', '2019-08-12', '2019-08-19', '2019-08-26', '2019-09-02', '2019-09-09', '2019-09-16', '2019-09-23', '2019-09-30', '2019-10-07', '2019-10-14', '2019-10-21', '2019-10-28', '2019-11-04', '2019-11-11', '2019-11-18', '2019-11-25', '2019-12-02', '2019-12-09', '2019-12-16', '2019-12-23', '2019-12-30', '2020-01-06', '2020-01-13', '2020-01-27', '2020-02-03', '2020-02-24', '2020-03-02', '2020-03-09', '2020-03-16', '2020-03-23']"
AK,"[69.94731017767317, 91.7618227285112, 77.66176229449471, 78.45245226624444, 74.28524252779596, 71.9459328015398, 81.03831203090509, 74.44463879355459, 90.43470366270596, 79.66503377701606, 91.63447918069059, 65.5028024090379, 89.25629408344763, 90.76235608584629, 98.5675946231608, 80.28069911007226, 109.03335457907136, 110.64951105057031, 89.95833679655716, 105.64613968911301, 89.2919237188201, 101.67411727919888, 107.20026580460522, 92.42982002310872, 100.86098669787069, 90.77341555172434, 90.42219077562191, 84.19126289570636, 103.57178081715686, 85.56876581495854, 100.93288531295393, 101.10250469591944, 88.44322332410661, 70.62788594546706, 74.37798731174234, 74.31684426688854, 66.96996931548928, 75.69699620463955, 70.21764919202971, 91.47073569649812, 98.43181287427822, 85.98446192597362, 79.96719810097319, 96.2212761678496, 84.10180450240462, 95.81346972961857, 99.27915736984171, 91.16617952025535, 81.83003754629006, 83.96014578505117, 81.35079829079494, 79.19740033881652, 86.33388292002424, 84.93946365080893, 71.6725139155717, 51.45505298790342, 60.4349754676657, 66.30398862850494, 77.31394727687537, 47.894951860321704, 34.15286343731397, 28.82289796092763]"
AL,"[44.08298796029151, 40.304736585818894, 29.92676313310063, 32.754626963441225, 26.795585431005787, 26.39257710259725, 32.526559489070365, 31.405194364684725, 33.36004382392909, 35.40124705936479, 46.39720147905653, 45.15244209091188, 42.63052098559148, 38.85281299453249, 36.2178549131349, 36.209074363992464, 32.343710456435424, 41.342045331409466, 39.86600333719747, 41.6798210107736, 40.3285402737406, 40.87578455795319, 35.924235149561795, 43.75653335789014, 43.20299104871113, 43.75036328614361, 42.591347998497966, 41.11050357987854, 42.67898099265075, 42.52514611667184, 39.07397563455322, 37.79795591622118, 36.53874895777176, 34.397053736830074, 40.67685008607864, 33.59303984200387, 34.606066408151214, 32.85770493082257, 33.265368439727666, 33.852944284291446, 38.324453358529134, 34.607992422137215, 33.290490969746706, 35.393723206569625, 31.660237100714326, 33.52053231116285, 37.67159671297827, 44.51016012637, 37.82547019068581, 42.677175106781185, 46.01022903732156, 45.12854522819367, 47.654308169303576, 33.678162100275, 37.257653839976136, 30.933612983668212, 26.538275012930075, 34.97619771026045, 33.48274159814318, 35.48906838010952, 27.9713238187872, 19.27971942556303]"
AR,"[33.79871502233135, 33.55025476247285, 31.047431507401658, 35.25465634579269, 34.747074041595724, 29.56527439840465, 31.15329338578444, 34.61125917662143, 33.649922305177256, 26.18866552408441, 45.61582582288671, 62.45531107751053, 40.553369135209216, 41.395963679400744, 37.14462412014606, 32.7790119995327, 37.05400336077732, 37.11602747568471, 45.406520535032605, 43.45195338749175, 49.1902918673587, 42.201058900583305, 43.96727370410703, 44.35207821400964, 46.37455585567189, 50.96266819512166, 47.93692036192685, 44.831912894629546, 40.84421065250093, 46.88819425563772, 41.14956350303404, 44.36804797853921, 40.4545043579296, 34.00456668212675, 36.6572096015069, 43.31853654528484, 35.099985631422484, 42.18915143509192, 38.771594206952145, 37.51379519701365, 38.04427072879912, 38.71518113258811, 38.120866257810725, 34.42178143248321, 37.61533573835662, 32.033957634992035, 38.048523174726775, 46.29576822940587, 35.86943949003019, 42.68893983179839, 44.81919699726343, 48.55913109599269, 45.257910398255596, 36.12022190190716, 34.35258816678007, 27.137247096848718, 28.984244160032052, 37.648500156414926, 35.89375092988357, 33.009740544293464, 25.544870683571048, 19.12532366054945]"
AZ,"[52.6722768875552, 41.57710341640753, 40.281573006938046, 44.891715083716925, 60.20917557971483, 32.67766973949129, 39.024102741612246, 34.065126501280226, 40.53037197443043, 39.07286059264771, 51.16258947723282, 46.24503027022131, 45.59946837518496, 46.51157493280049, 46.60264276011488, 43.22051179460214, 45.32478478487864, 47.92148703928031, 54.57606877107547, 54.97568585658185, 52.474187182124645, 57.86481576670518, 53.6184817923625, 54.20137077177002, 58.946710496034406, 58.23021075404618, 58.75590082926266, 56.749832428271596, 55.71056072923689, 51.951667696444986, 47.85987197002829, 49.946489333698864, 53.727957553411244, 48.238329311192686, 46.63785395179432, 46.69492330814598, 48.7211219979696, 47.498613465907184, 45.19373183646221, 48.186958118147906, 50.78271337926089, 47.87688006911625, 47.83479229392312, 41.33129424780433, 45.31010042173464, 45.94395126329154, 40.59164471250888, 50.01376300749315, 40.91285229504344, 50.73877814128028, 52.27231251679461, 51.29607837591923, 48.92060750502804, 41.89987401179729, 40.177718590054866, 36.81582835092585, 30.60083663482265, 41.014892317131036, 43.043554041697845, 42.123959267176744, 28.260789815797672, 22.475043562369628]"
CA,"[59.736209697956355, 53.636890812411174, 54.309154616663896, 54.04295664326888, 55.863661191380494, 45.60864010540894, 54.86344053935381, 53.30360281208321, 53.81079937451726, 47.34165617334797, 64.1909533393108, 65.0446231017699, 67.42418551888393, 69.32300268159659, 67.97858894294471, 64.95790284742395, 62.23157732213152, 62.28402167333585, 66.99459948360803, 66.69835575438616, 65.96764908916775, 65.65458775283291, 65.39502049728733, 68.758699481856, 67.25309088170178, 68.60462208088502, 63.21358535450774, 64.86125201343296, 64.75344521621577, 64.16123611022898, 66.82169185034176, 65.86331748453046, 63.956649691815436, 60.638940191187785, 61.91195914319979, 59.72034524792915, 63.006661142169975, 59.36660261559255, 60.2358743890304, 59.457981265947275, 57.052814160230255, 59.66606486802914, 57.98675837309097, 54.82908803606225, 57.93762563031758, 57.44418802291002, 53.13445879329362, 60.48504065940365, 55.74983795890624, 56.01655319023071, 62.8893146811761, 64.27510763811361, 63.29440524093769, 51.942964454086116, 54.27462931270873, 44.613721527987614, 42.27219796762016, 53.78883455082041, 50.4182650340484, 40.73424132359688, 31.29383759364153, 25.98046576669764]"
CO,"[50.87904014271214, 45.75935926157363, 48.664178184955404, 47.720184038506744, 44.81181785393372, 42.18093490836005, 47.48330605280281, 46.927822414491004, 47.94863362693509, 42.19368013724189, 48.79685560166211, 60.684534946998454, 60.97433307261798, 56.713700924859154, 54.281573173963366, 54.269316785843976, 54.198456003881475, 55.05938235687702, 59.25258062692195, 65.94740655760178, 64.56182860166939, 59.39945170503686, 61.456270907611845, 60.708938749222796, 62.963869457444495, 59.26455565819687, 59.58033285380697, 63.21836577958091, 57.28012947838431, 57.73859630182179, 59.758184721508435, 60.149766871778134, 57.970821486812326, 54.03413949159404, 55.96518397223269, 53.13878797867311, 52.85190266556285, 54.616426118287976, 55.97669455419956, 53.77737242351175, 57.66916525313543, 59.20424586979669, 54.06721308083002, 46.94539087016506, 58.827998582619706, 51.08917794260051, 57.74672373980603, 58.167642126271666, 51.227498041574314, 60.3739059116626, 67.57155937998961, 64.125499839516, 55.68075484346881, 52.881942853601714, 49.53780306297629, 38.728432605284745, 36.810313048399294, 49.768170233206455, 45.89713054669157, 36.876414780936756, 27.88842852099909, 19.759382791764892]"
CT,"[29.631412999534856, 32.643337995478575, 33.50207797856192, 30.988619085637907, 28.32040345561665, 27.631526760347377, 31.22109892744761, 29.43386124265161, 31.02786223988824, 32.43194866832388, 41.15566582960303, 44.03468064497114, 36.558674235768756, 40.72965281879901, 39.76971515881663, 34.44887112447746, 33.73759226635798, 34.5211901717918, 30.66401933221749, 36.751727161935776, 42.07371858592078, 36.717164662347315, 32.59686030972745, 41.56971346673471, 38.265232105853975, 35.78904081996304, 34.12320878975031, 34.444753755417985, 37.06704326970397, 36.28927885417154, 35.52034709666577, 40.162302691991684, 39.97304682758383, 37.11678533023785, 36.593194650515144, 28.03247137779714, 32.8690215728593, 35.48160987294077, 34.84302067232408, 29.403850730048557, 31.066187977297282, 34.84235336326709, 33.32503374811682, 35.07493838937471, 33.761478146990235, 32.27452098090754, 33.51229274212818, 26.901547130285607, 33.83666635300176, 30.062523440430965, 35.33348508028892, 35.02402100945189, 34.34789536412757, 33.506330971858866, 29.091990401738816, 30.440277458157638, 26.158052180891445, 37.81557063087777, 36.572288736140706, 28.356987118645634, 18.03991333430264, 12.665332560921884]"
DC,"[62.383079116921564, 54.88375692691787, 46.40220479793269, 54.48402705307478, 51.19482084436807, 46.44901035019189, 58.44451595487049, 53.752896449055605, 54.47248876620932, 51.784667654203304, 76.98167668594523, 64.55897735818175, 54.125746017054645, 61.256846274355844, 56.567744047529686, 62.320511691186475, 56.68833889614878, 55.57009681664033, 61.76817262473078, 59.62919468678646, 60.74468581038416, 67.89711763429383, 54.716261126938676, 60.05505179937665, 58.903548845091784, 70.03798281675613, 62.79576806681418, 58.109496211961115, 59.300699371594284, 67.91709289698261, 62.142846152287035, 71.89762251248933, 66.18304647460008, 64.41769153688799, 55.566683401872424, 57.32572713529716, 55.15015666214136, 50.21764073004389, 60.22139461716172, 51.83700926976654, 56.441882431984695, 53.238539860708926, 59.27814160551898, 54.611055747566716, 61.544576381019105, 54.23424905679786, 50.72774290320429, 71.98997753039257, 61.058279086380864, 48.145631774686954, 71.90491426358678, 78.86915373513571, 67.6589531150177, 63.768170927576634, 44.811764645375035, 50.208069055377685, 40.69042734446656, 59.81087271881229, 53.027210920687075, 45.54831189778327, 29.88844583123227, 13.211859703319185]"
DE,"[28.985108393301346, 26.55842032832186, 24.032122469280186, 25.18379215884105, 37.971633264706995, 36.054015434509886, 30.684174931629595, 34.31462392016503, 27.32024159586056, 27.358672539479734, 37.1850081878334, 35.93569655990772, 38.21784608213728, 38.95311781655668, 37.58603237108457, 31.598748821611753, 37.32512758937079, 33.70373319042606, 42.4735708456071, 34.41786919232009, 37.79374103245337, 28.652557331397773, 32.253857196928394, 32.40223643700121, 37.819660170088994, 37.17915151328085, 36.77414874426049, 49.98869101151744, 37.069189606200894, 37.87990564902936, 30.74003440989348, 37.34991524000893, 31.08784648842305, 29.33079351362793, 31.781850736965215, 36.717840860942395, 35.6547491735368, 36.32838104079743, 37.07009910549584, 46.07009499547102, 29.845738615318066, 34.78299182761463, 28.10958463193246, 35.9663092179206, 32.403557353584056, 40.44369788710495, 28.07046363611077, 36.24421271283701, 26.429540340435558, 29.362572096713237, 36.43813623696885, 25.0005878372482, 36.79964024575358, 31.290677043017645, 25.30250401401815, 29.34782027206128, 21.507319952766004, 37.63117346676468, 26.055995420336256, 26.12302894620811, 20.80398414566331, 13.982587116549194]"
FL,"[59.696009586012465, 52.6691369563969, 54.336351695399294, 57.222397244839094, 59.347279824938184, 48.7292423877116, 52.36802130555421, 52.7660433360876, 54.4746328298309, 47.86610021135056, 63.30462824613285, 63.06842978301262, 60.22307671567354, 61.60384177957308, 62.25792887134911, 60.025370690974995, 61.95029868660582, 63.30147198990286, 64.36592044516738, 66.23410183113073, 64.42129149325434, 63.89070183908085, 65.4405909334687, 67.93929590808925, 67.15316476491425, 65.91379169661639, 65.31171705459015, 63.83009445968936, 65.85000587400233, 64.9127030032942, 62.9545242680338, 62.45786669785322, 61.78571064319148, 60.67964167181568, 59.812688685368656, 57.60895711205447, 61.41539147019065, 58.62396447984638, 60.467520015299705, 59.638120710768156, 57.72909701093907, 60.711655231701094, 58.859851150385296, 58.36167581489868, 59.69028237648611, 58.71250837407282, 55.75046158078575, 62.30968868981464, 56.53399737049385, 59.94755880917553, 59.37874430828207, 61.04381214162002, 59.898964455809725, 51.79289832146793, 55.03083923100903, 46.89112248563893, 43.500613070678746, 57.72421824965468, 56.02586529981348, 51.35619723523747, 39.28644017422918, 29.93261722579016]"
GA,"[53.97782800229996, 47.4944106102171, 46.9368404992776, 52.221019273466084, 54.072820007159756, 43.039888680300606, 46.97646700026539, 46.71362470103435, 47.85872191260211, 40.707645212615034, 60.58788362625256, 56.963957174945286, 52.430269889000975, 57.59169251970824, 53.412196043265475, 52.062173318560006, 51.43974283935129, 50.39426110626482, 58.05232952104232, 54.704861814247074, 58.650342489276255, 61.028062673271904, 59.838224014134475, 59.2523933711233, 62.801868147418226, 58.9819143403416, 56.82738793280807, 56.65065784459655, 56.99057721403158, 57.201647797436245, 55.310263992734114, 53.286025120451676, 54.018224567038615, 46.38286615847388, 49.74267895383184, 49.943382608302535, 48.45182443556533, 48.746815874951544, 47.95734014615733, 49.09133209496813, 49.503388774713954, 49.70010497178252, 48.33324152001402, 48.02758222292147, 48.646135460912106, 47.557284198635095, 47.849257676292936, 54.68305459729494, 47.10603579457311, 52.49157903078449, 53.61154028437323, 52.5897093403239, 54.61323617727811, 46.03810180544882, 45.27564574939079, 40.961907566251284, 37.424399384564, 49.93817264231416, 45.6859038749292, 47.23786876391942, 33.6422016787252, 25.272786906994767]"
HI,"[139.38832394987324, 127.84622718945499, 92.16903959901752, 103.69125331774192, 85.32270503397281, 81.29716405545192, 105.43800004628281, 105.7861840165805, 107.94704736661708, 85.57925626050567, 114.62539910403395, 131.3634037267895, 96.06832531918437, 104.7882468254492, 118.37163967280144, 130.4916948188693, 132.81282219352093, 134.267566585992, 132.61070027061092, 117.2497508161539, 138.83291221173562, 131.88307885365057, 120.02964348736649, 124.57697875142486, 124.29917607123026, 129.4820293985935, 116.83665086117745, 117.65039627532472, 121.05298820608661, 105.11706413879192, 128.35789618151128, 116.57396657873943, 113.15124050245092, 119.58542358923002, 108.24506513913656, 109.10321263430792, 120.0277265987504, 91.95671232277657, 112.01883038687046, 121.02031138981212, 118.73251628002757, 102.83628659953915, 110.04240727547199, 110.75216309396065, 104.42022503680415, 121.86252284412822, 92.69998093206296, 98.84870415550819, 114.79161391813648, 108.7245946957512, 146.63999172970628, 119.07387130630887, 138.26520134632108, 104.49693154633052, 96.47834533145856, 90.31768148459658, 63.10706250631448, 108.37876186909594, 93.34624973063343, 101.75466681509876, 75.67270646497394, 64.60796962383627]"
IA,"[41.7784321265825, 36.79450682691336, 27.70108384176075, 29.23379160698197, 29.258886012046915, 25.544574890236934, 31.513426686628808, 31.221356573625012, 34.22477475557313, 31.17057825408366, 51.03896375381027, 57.82284591355968, 36.51525480948853, 39.27398830178024, 33.87559166386987, 36.22911391416477, 34.5474347730792, 33.843638883519425, 38.578211423551934, 42.30442372820768, 41.41873222641024, 40.76534738528615, 45.82701523837719, 42.94858312743157, 39.19966118225156, 40.763473507284274, 44.56551620915986, 41.173204757048424, 43.106266132782075, 44.29226623299794, 40.40138105597212, 43.698822027992364, 37.39066154933304, 37.22920064202311, 34.19499622389005, 32.91562816289947, 31.791449545967197, 33.292361155600105, 33.45264555384357, 36.902569204005154, 36.23191315517774, 35.96198424317976, 35.81830927744896, 36.40988211379325, 39.63457978156981, 34.58797846848331, 31.914882455615267, 46.416144608338364, 38.63130943093184, 36.11348259133376, 39.687755338863695, 63.38404810195895, 45.82418944188349, 36.12614669323044, 34.47728207810579, 30.00693646907734, 32.905529543580286, 43.03832052558073, 46.150662302803724, 42.79388373347573, 32.46231290355048, 16.52279543073342]"
ID,"[50.78277760200592, 51.88286637406129, 47.6287112987023, 52.35665432352519, 40.31153976013797, 33.52584204511811, 46.49419869883939, 43.903940871966526, 46.32327754093277, 41.88841288397279, 53.909185700950744, 57.37681205379612, 50.480523771652344, 47.00857139098461, 52.2407605361458, 52.889068141258186, 46.34443342204563, 50.04462350177147, 54.30547109290399, 51.99219560121442, 57.89237433227903, 65.23829082583833, 53.00541058167664, 67.9833958974745, 59.483115815016404, 61.854066689918355, 55.83233835677677, 59.43301704102239, 68.7919752517733, 60.00151468359292, 57.04656176260628, 70.63594696735262, 74.35274383517671, 61.645834521258486, 60.73824607495485, 50.18874451079864, 49.89122379013326, 56.4090466218399, 53.84585418223414, 58.948154271620744, 49.58011616944561, 59.376303338259866, 48.332154875056716, 53.8786031162347, 57.68997894750628, 50.67507504801346, 55.51323106827242, 59.442453669338576, 48.81229259478628, 51.04854247376341, 62.343983310191724, 60.354945305112935, 53.8039645328994, 55.22497493915046, 49.81483577808737, 46.09467669147673, 39.64099645293326, 45.66208571246395, 48.57782009260247, 45.75591912174889, 40.36896497776059, 27.780901641781945]"
IL,"[41.24517946368637, 38.37530669512324, 34.993804171229066, 37.3071753950985, 35.633476781277025, 34.1031865943316, 39.36872285811131, 38.06980237658578, 38.569994384574116, 35.64747213440055, 47.77385010080936, 49.439211614555006, 47.59567236538593, 41.35897168692305, 44.38401276834856, 45.355474590764274, 43.08405815809764, 42.321684469824326, 44.411486786503865, 43.39152470600824, 48.57686456500928, 45.08915036849963, 42.79645318005423, 46.82061275047203, 45.43166859974872, 48.07258994709907, 45.06482055243619, 45.74999130029345, 46.87945870979331, 48.412087643963815, 47.505992925157216, 44.200379429699794, 44.34391288763094, 43.67236982647695, 43.21651213885874, 38.722103078988496, 40.41596811604993, 40.80212466524693, 38.941833357649415, 40.87004835594065, 40.96063693872368, 41.760610298321, 40.42065220271929, 38.506528444371426, 42.752700849342425, 42.65766727247895, 40.18689442009296, 45.275298518916294, 39.21251160043336, 41.697397028939974, 45.657236291873645, 45.615040811831676, 44.64597958307965, 37.145806912547826, 38.524720302084056, 34.36935489938387, 31.031099022659806, 40.731858259168476, 41.085800024449405, 36.63889285983767, 22.49124341473782, 15.439419265413306]"
IN,"[36.572126979413106, 28.020950261890825, 26.805414885972137, 26.87821993509481, 29.168034905635338, 24.32889251010212, 30.796183250604464, 31.13258668001533, 31.833954418033592, 33.18006566422848, 50.01869492540824, 40.68937052950636, 54.143088487303494, 42.795424240340026, 35.80023160591973, 31.44136685105027, 33.79780413125317, 33.97813386002193, 35.935744243797345, 38.94336394083229, 38.10677487320254, 38.43865407187417, 39.505955749555696, 42.81496578968743, 43.447279766713635, 40.02087585336548, 44.889682460513846, 41.1028253206894, 39.6498200252822, 40.923005808102566, 37.321526040715156, 38.68308294135219, 34.022643016076586, 31.22961920448204, 33.61738946254056, 29.475495516713767, 28.42310356668627, 29.620236362912717, 32.89840667399141, 33.26285548741297, 37.81164933179125, 37.49832192766311, 33.90623966441696, 29.66764394969864, 32.1465879280867, 30.72501311109583, 31.033419154948223, 36.51177712125862, 25.857309027785234, 31.599087070511366, 33.72525344266258, 37.02448369216717, 40.17400046769017, 31.99933438889413, 29.765702339576286, 26.580257279052987, 23.441693430033947, 32.42534034032389, 32.52728191804192, 33.31378010151706, 24.549870453292037, 14.058550839368193]"
KS,"[49.68656734968514, 47.93966266602808, 44.21168177214563, 44.03067987836294, 38.497725862662406, 36.72782827876827, 43.07817204153758, 42.317515537634385, 43.559038846941604, 56.01717412473429, 71.97955596637291, 51.72930961909065, 53.221120186690676, 52.798728874821606, 51.41783346277943, 52.67811653038598, 52.396456554109115, 55.05008454887486, 51.633386796597605, 52.913851384481184, 61.294851790336494, 59.87886389287037, 55.178803383242524, 58.409877407998295, 59.343672105875996, 59.49506851910574, 56.440278856123506, 60.41997123016848, 58.86434184018493, 62.21734899154136, 57.722871172549716, 57.245960800590446, 51.0361942405503, 47.08391959594123, 44.5562934093374, 46.625475382480246, 50.012403693557815, 45.13091411082402, 45.098239470205144, 47.97682448971435, 46.48854326306911, 46.47899628009152, 48.25681382111513, 42.06987503790323, 53.39132152641543, 47.237907848068026, 53.10857605586073, 59.07054666562209, 41.278423261468355, 49.85425273148699, 48.0217093632088, 53.19367923031893, 57.97307588273974, 43.713730224847886, 42.58291702000377, 44.03195167057054, 38.8076833803752, 45.028213033280004, 45.89656424048293, 43.9591092651364, 28.229280040037317, 19.11293329203204]"
KY,"[34.508703606759504, 27.363295119581217, 27.715280818512213, 30.625332034211468, 28.51876143587203, 27.404325106475987, 31.168681087141213, 29.80601509827844, 31.465455093544445, 28.834237899168897, 41.21274911819795, 34.242538734672706, 38.6251081248817, 42.227887696980304, 32.888049978937076, 29.996218154632963, 30.43529955957129, 28.956511802596307, 34.45197231416153, 39.008661359204346, 41.52524962711919, 35.74313866337835, 37.455582791946114, 39.72842203048642, 42.0042404220229, 43.10988880214911, 43.3872627393888, 41.37992302686825, 39.43580342777401, 39.63012192348515, 39.3906831260935, 36.939821963022816, 32.89554753475497, 29.17188599214502, 30.58142239769511, 30.863556335516424, 31.72930353058159, 33.94243573433384, 33.391597026227174, 36.57025049724613, 37.83021229882602, 35.10567682063427, 29.958036928989344, 34.798373305729164, 34.742414707154296, 31.01094352048253, 28.825710983185395, 35.10373158960397, 32.29344491380263, 32.21746604974265, 37.43081862982208, 38.163856051749356, 42.08188597637429, 27.094611519992608, 30.79372564443921, 25.264477751215495, 24.66097838702785, 29.43559168919817, 31.72743571179363, 32.49581715830078, 18.97639182699757, 13.988475356126829]"
LA,"[42.150496085548994, 33.42550421341443, 30.85289600980628, 30.67051406853917, 28.99415863791243, 27.329680499546885, 30.220773500264716, 30.007532288918352, 33.42259710973842, 30.011095199834276, 35.19838302793988, 34.55243760311483, 35.785610473268584, 34.54122826355596, 37.38498962126967, 43.394532201895494, 41.589965742231456, 37.80894527833325, 37.33459383079728, 42.67602138425403, 46.353361629659254, 45.34380021283062, 41.15766262729901, 42.89233379659853, 43.25726005210501, 43.764803213739775, 42.5968713672666, 40.69424722462613, 45.26417978391926, 42.996234612990676, 42.0484725097595, 41.25855117807506, 38.55153519971754, 35.78725119201498, 33.6223627519101, 35.674163611062724, 34.75938617485406, 36.53829868438103, 35.338646440021854, 32.89416651698301, 34.78422967040652, 38.079071568547405, 32.255546512043914, 32.204530346855414, 34.10860128045437, 33.55909562090617, 31.818670378086342, 42.139093016586216, 36.37975151245124, 36.75463691617618, 39.33592240548847, 41.36817675774231, 40.51647549958553, 35.089013307514776, 32.96736210465111, 26.627523194612788, 24.934328977213717, 39.399871697324095, 32.04756839561968, 29.399740617333627, 26.67334896352748, 16.624502041979248]"
MA,"[40.119340676451564, 39.486822058394644, 41.008233282146186, 42.2900911588257, 40.789797262133504, 37.751097304933076, 46.01682129851236, 44.201016080793764, 42.241175846313936, 38.69817165158697, 51.3420333166148, 45.59800449275849, 42.10947735775553, 47.82710997552638, 50.63908818051464, 47.37150327531065, 41.02514426650435, 44.98752306015318, 48.76370079040734, 45.503846363860944, 50.66677087708704, 46.33822036673615, 43.74128735956957, 44.275780729999894, 46.27824235635286, 46.27599451199035, 47.325810652114676, 44.42055522923736, 49.03598856720225, 44.527126151219356, 40.38934841180824, 44.05241435415105, 46.01343902988704, 45.567940010323156, 49.332748260136356, 42.35496864915306, 38.63161651963647, 39.45769043599857, 42.828272170896796, 42.31950229691558, 42.40159878725602, 46.92239310080633, 42.05900162884721, 42.84654068858038, 43.20575920478782, 42.66280707434722, 40.075975891217595, 42.47226947565146, 43.74030295737322, 41.371709780765094, 41.58429909314939, 47.798209994390355, 46.076525577318534, 42.474120047822204, 46.02963320816236, 32.71411793890704, 30.74757019772249, 50.0237835500896, 40.29366882073443, 33.09846296295271, 23.57947886866933, 13.598647386098973]"
MD,"[31.60908068434695, 29.703379058777323, 28.46669579958742, 30.385509166748378, 27.65074330268591, 25.21502389230177, 30.547164074080076, 29.75399882724413, 31.81143815721604, 28.41071370260013, 42.359398041111724, 45.054588869648285, 39.11658244529431, 36.45911793638585, 37.712663930047576, 35.424534598583385, 39.2473945042762, 35.871155076819, 39.184145327361115, 38.08979591347667, 41.98191159257328, 38.50151975857614, 37.90664918310229, 38.37240526115467, 40.29599853609534, 39.96439146823539, 39.91696358452189, 42.53671968579367, 38.607414337798865, 40.2011478412667, 38.87187033984561, 42.1244214821006, 41.896442164686995, 40.827015264642675, 35.72134077775757, 31.468552835542088, 32.735177270790004, 34.01810723098346, 33.04979989534205, 31.800708872082573, 33.500908572120125, 34.662124329228384, 36.08896566399224, 33.784818882606906, 37.263272161827395, 35.52019369446745, 30.649249771820067, 37.99133769166324, 34.6175368016809, 32.450501174446146, 34.72711893941026, 34.37981184443378, 34.16198882814197, 30.4893968891116, 31.77564834241504, 30.32230511035252, 23.68872285361571, 30.466553709021273, 31.296350521067513, 25.391764348222146, 17.23932100910685, 12.378418176834106]"
ME,"[40.24165748711924, 42.891967058564376, 43.17167322452858, 46.678736153147504, 50.15148857819714, 45.20809699652446, 44.56941159903414, 46.04526001550723, 32.963482152231265, 46.545359697738036, 67.00740009319192, 68.21917904605678, 53.3348074302865, 44.90805663750664, 55.17346618791688, 42.55062283569741, 44.135990423296136, 51.75942371076511, 38.66697572140599, 37.217714127046534, 44.80746577261367, 47.427656188365326, 44.63093662570868, 47.7983131460189, 49.89675049250404, 51.91304548224128, 35.965454053996346, 42.5909370386568, 40.797564206541416, 35.24705745029004, 42.9483385388293, 46.19082731966208, 53.892730880708285, 56.49263788973404, 51.66574496879143, 38.889470670376156, 51.55971892252287, 53.22581397142191, 48.19812419467996, 48.580481048576104, 45.80560612662959, 48.734999522637395, 55.81532541036992, 49.01766134998311, 49.70527888095224, 40.22607704157101, 45.45703968424578, 43.24389035855072, 53.374853426919024, 41.2600591324487, 39.9839251963375, 46.73794116126223, 36.17921952951832, 46.732712135687315, 50.08937565372625, 41.834438779264325, 39.76770002819872, 46.60454375908238, 47.438502813864204, 43.01117663238208, 34.02696350071566, 20.358182714017662]"
MI,"[42.5744920588612, 38.705217245322, 37.84069609374307, 37.23764885340356, 35.84386599780769, 31.74424127101544, 37.18770774820206, 40.249308987569826, 49.42139166544288, 41.164172698467866, 45.39576710131943, 46.251000757041176, 52.21407171053311, 53.17358737026946, 45.639511822806064, 41.90873180694698, 42.71418451796733, 42.68684522884487, 43.63647855782129, 46.783361200924155, 47.35929865072339, 44.157895409793376, 44.254307283746016, 46.14411520036562, 46.97249628258393, 48.47501906833161, 47.306127329607904, 45.94771855909771, 47.10135862760245, 47.023363572817296, 45.806133445647156, 45.338350638660934, 44.47784638200687, 45.53931836346815, 42.28887111256022, 37.791514781182705, 42.26224616330262, 41.699864743787735, 40.64165894137396, 39.23539109847025, 41.10443247368558, 43.297460549978354, 42.00524004263626, 40.34849943924828, 39.16910780198115, 39.106947119603106, 40.17325681852547, 42.73192348075622, 38.4721683877826, 40.724092184580776, 43.2000171080157, 45.65366074336236, 45.54001724223337, 37.20672031173576, 39.746543449449504, 38.39671147029244, 33.93081082180588, 47.8873321476888, 47.80860301199464, 38.64047879667374, 24.648592995613946, 19.585168464420107]"
MN,"[41.25120735158268, 42.298892794937906, 46.241533429909886, 45.470911614811904, 43.106869235180035, 38.129258254742645, 41.032658080027716, 43.975584439023095, 43.83730807453143, 41.93045901692896, 57.12105533125068, 57.90781931900798, 53.45721352146488, 51.14123508516515, 48.31743276482368, 48.09060210254506, 44.99249570235232, 51.71422281525954, 47.957082992161475, 47.788525393871105, 53.272315919629634, 50.140421978049574, 51.32405378079406, 52.46301789371376, 48.09940970021819, 50.08554747635931, 46.51566771640128, 53.057548206998845, 53.97219208806735, 49.30454787660923, 49.65820496324472, 47.596762564454686, 47.06113226704554, 45.420066608711224, 46.69752764278947, 42.976647808652395, 44.93366941601997, 44.4468873441712, 46.36730150621811, 52.42851732375547, 42.448698937528796, 51.64521602099905, 48.301230763533475, 44.570675545847244, 50.508982197621755, 50.555202171057566, 45.47405115570846, 49.1528204214921, 46.05865976183711, 46.035227027538134, 50.34025058383615, 50.53513071516941, 48.51838411438923, 47.47767547053174, 47.803161024301964, 41.392867085264506, 39.33004098325493, 55.049793189583006, 52.32340706167752, 45.944751074078596, 26.78372911884961, 19.679042019186166]"
MO,"[35.814748910961534, 32.477782154889496, 33.74886288676188, 34.87366778485403, 33.8020733068502, 29.11671737717902, 34.230149414336445, 36.98343374321903, 36.399063425581375, 33.59460550901823, 50.952561630120144, 50.25733852300438, 44.05536767085311, 38.23906946232585, 44.14607217773376, 38.01252092848458, 35.12007791564881, 39.04507682240368, 42.18843920293653, 41.39391109170871, 44.063749635962026, 45.38050609009725, 46.83229979202539, 43.92261240184856, 42.996601356287954, 45.560408324537924, 47.120872513803924, 43.706149495613545, 47.855179649570545, 48.76100460257529, 49.99923744462296, 49.80214734136396, 41.990102318071706, 37.12253240765102, 42.48112583053304, 37.83765028912673, 37.23435423342024, 38.78087128018338, 38.19249212545646, 37.261134749551616, 38.57653739873389, 42.13419267730601, 38.07660360795074, 37.999662400502366, 39.94618846810421, 38.54612589121917, 37.49930878220726, 40.45493076936921, 36.39534602571473, 38.126660360719626, 37.87903618603982, 44.47306871991753, 42.72570588782249, 33.835895488255744, 35.11708266128949, 35.59775132288688, 34.404536286152236, 36.60237581717571, 38.325764606994156, 35.30066085001915, 24.971573674166862, 16.00135334448455]"
MS,"[44.902917723707866, 34.23375667059806, 36.23151483000397, 33.10265930229027, 32.00194974464733, 31.46178948942029, 34.49284502103761, 34.08412055206154, 35.304449239102205, 34.815590001779015, 56.996472123361656, 41.820141248577855, 38.57986254786875, 40.22852778197592, 37.16808956130434, 39.49100098139087, 39.05997784866753, 39.00795384254654, 44.80353794591221, 41.631121725297376, 46.55935570416003, 42.54608605029966, 40.55824629081006, 46.58958463264339, 43.84621825532474, 49.120147763468026, 47.78253978849479, 41.135580585911704, 44.858002809822615, 46.104052953598604, 43.75544346138819, 37.49706948647669, 41.02437667749029, 37.671175541595616, 37.60429702304091, 39.25303268606576, 34.84929125338107, 33.93903648861097, 38.75168894673868, 36.80365612359447, 39.12090453108984, 33.77911985990195, 36.86710405051952, 34.623032502758505, 37.072949469124474, 36.130793679430866, 41.31874170240102, 47.13031514053397, 41.51582957162637, 38.79501327564064, 46.16617588967486, 43.895329646363365, 45.89723797569687, 38.17309956759336, 38.50415679650348, 33.19174820637965, 27.6827790725451, 37.602282330544796, 35.73350134349381, 44.6977410180201, 29.798379694404765, 21.385224122848342]"
MT,"[55.079732412740675, 46.502260360629634, 40.19987050175917, 45.49317687166106, 44.508962435026035, 39.7780714192297, 46.365299334648725, 48.522637529949655, 43.526409484463464, 42.02094752317388, 70.37283431226909, 56.60678661772477, 53.70918657875922, 47.892180095998214, 52.60047981337566, 51.5683256340976, 44.178951433187606, 52.30130114857121, 54.079150610591796, 58.751504337582894, 53.29195280230818, 49.322146901493035, 52.49646449388279, 53.9671044590689, 57.248220325470676, 64.15736203124524, 49.985452852154005, 54.6224881352333, 57.07250313928967, 58.58067817902506, 46.42159894247324, 55.45679105142806, 43.77443653115634, 53.88805477554701, 65.3042487576067, 61.36559222665474, 66.98865181311089, 46.35804124904798, 53.052325234752686, 48.0397789665518, 61.89385833398654, 52.07095208761097, 47.91954110947111, 41.64273547015341, 52.91047063961365, 47.00355195383492, 46.39299390792778, 50.24554290483072, 60.00251684613163, 61.08685844229062, 66.35036497558853, 53.90273637123308, 69.53500232702287, 60.49336859003639, 44.43657652642581, 45.241367001116636, 46.239226008753064, 49.63742256215245, 61.35276866575122, 43.916861020045516, 36.70011918595311, 27.766231780903798]"
NC,"[36.97979944837033, 34.323782699824946, 32.251977587561605, 32.07944522288791, 33.20524924225453, 29.05541468803953, 35.22318184025818, 36.35190893831979, 40.28836899846979, 39.751318754432226, 51.635128197275655, 42.23456306408021, 38.98808153262422, 39.4994695022214, 41.747201484539964, 43.36014273228306, 39.281714362492316, 38.9713188860581, 44.575841137740156, 39.714605479056495, 41.792641230056155, 44.17527473600807, 40.56311249640385, 45.64511647756612, 48.157798241080656, 44.977543151984555, 46.59300150810286, 48.20116001175013, 44.895613147152396, 48.060603760041246, 44.54272827319378, 47.4464411192625, 43.555612145756854, 38.992121561468224, 38.72746996441696, 36.355562296368326, 37.86582643029179, 40.61654505569768, 35.05884744920766, 40.997065724038826, 38.97569797265408, 41.68707098581152, 38.41372559466541, 35.96431093354765, 39.722321560676, 37.69573375364739, 36.40706862478655, 45.47686486032107, 36.59534337384301, 38.84240248760248, 41.23937967898389, 44.523189149260595, 41.951788938963745, 39.03562656560975, 36.410098403776864, 33.31253282346696, 28.988553105479003, 37.18030465168224, 38.94564875611722, 35.323086844906506, 23.7896732310608, 16.84714493037339]"
ND,"[59.54565050802615, 43.900465563564794, 38.441423186968414, 41.83613682325424, 30.34402732337427, 30.135484375785218, 54.534953634503225, 44.41374114964981, 45.87947289953468, 46.11828645217269, 57.87355657756654, 58.921979208260964, 45.10468633580546, 51.460382276661434, 43.18521566415299, 54.071735918878794, 41.243620889565015, 43.491849774315774, 45.79898837735665, 43.62570822334861, 48.95472341687964, 56.41514759410347, 54.52026528094304, 59.43557539308657, 43.43315655149668, 61.273789696565046, 51.89495859486242, 71.12083848393219, 51.99747171392125, 59.30842607801389, 62.942314166790936, 54.42220565697129, 42.603648716450635, 48.474935958331706, 54.06043628829626, 38.72126647589527, 40.683659014101735, 33.081324175704786, 48.44156312264778, 44.93752151076645, 49.22837971481021, 49.72852890956077, 53.36979093806647, 48.55438956240753, 47.351116422248275, 55.63529385012124, 44.426943993187535, 48.46092535017539, 42.51688458243608, 48.48484338964364, 54.90202274962344, 50.004165973902275, 49.95310103666393, 69.42421594263546, 48.52324859936344, 45.24559837036916, 40.517917378166, 53.697265273132416, 44.98489975897665, 44.685387137495184, 28.359312613669523, 16.64851843552666]"
NE,"[44.65339259120865, 34.64217303122714, 32.17955896837017, 31.913227361299047, 33.65390302422855, 31.78161558331548, 33.45065633316231, 33.1868137909935, 35.02975681889112, 39.33997617100458, 45.639319536438684, 47.04909693854954, 39.61215005633324, 38.91006250603608, 42.52593104015766, 39.54953107210088, 40.56767174513817, 40.54105948020437, 43.385705338298166, 45.99702098937628, 46.78790321398531, 44.48409689207332, 48.249729224086316, 54.3395139086802, 43.55612231208885, 54.22222718817169, 49.191956474110384, 45.189309682834136, 51.69037759510067, 51.80243989410575, 44.90608743983036, 40.11207344339943, 39.34326809627799, 42.508955583923026, 37.849053015986975, 38.80351897330553, 34.871044210970304, 39.54063694934133, 37.370457822418935, 37.22075975139078, 39.70439453083582, 42.843048569175075, 40.254308636568105, 37.63062993376785, 37.890694809427146, 36.19335582052539, 41.274411805462925, 41.1626786131416, 36.85314087203683, 34.77531329900534, 40.7269826611973, 40.15659084802389, 42.979606649016254, 39.343197550828656, 42.15253643304468, 39.02151038568965, 32.21509561098936, 44.617782551959394, 35.725626355399925, 38.57451201197246, 22.122476374542256, 20.387969857133783]"
NH,"[42.64662489102215, 43.657519960639284, 34.4768828321947, 36.55080179856027, 40.836714869500405, 42.35819968099555, 43.87839888895222, 41.60299771980053, 46.527710610537284, 40.63506346072719, 46.65768344040161, 46.840179305952965, 42.16692938433577, 40.52577384706253, 46.12939750016982, 43.51117230826805, 51.154640223632214, 37.80504874807257, 45.11152280410737, 35.79871838682439, 50.248656793931644, 34.080180266083886, 39.42262105872658, 40.4521960734661, 44.46538730767184, 45.72533379356978, 38.01221461420934, 35.22489050277792, 39.82507359892709, 49.64933970482135, 45.854865301132186, 44.04285238770121, 47.81963548089104, 50.25280027194252, 43.484967418907566, 35.25990783687325, 45.733073854756135, 40.89042917493485, 36.49375012067404, 25.883353453050994, 40.478861980618674, 40.58143107987368, 39.625061679394356, 42.041403032405064, 47.610685800585394, 45.78874404364339, 36.66521820370321, 51.46519136426684, 44.21752985895318, 52.01713968487186, 34.03478331848899, 41.383588757291605, 45.16142081752244, 40.45817671217496, 29.932403952951628, 32.11902588309609, 24.21605111747181, 48.976232127989356, 61.53987248331868, 38.036467354557736, 25.183401966678375, 18.143420729068037]"
NJ,"[29.91129139721048, 34.01201151837651, 35.64683248477203, 35.709021392170385, 32.85038999558212, 30.846404606341128, 30.82208800091734, 34.073913469810016, 34.72031411785927, 29.22681663921467, 49.17232098737346, 44.018910394110144, 37.34890090942716, 36.406471710056174, 41.208161350318186, 41.425676754153784, 46.379827705866674, 39.55112276498965, 39.51446703664488, 40.78761740146096, 39.14183427693154, 35.66859513366075, 40.38413026497076, 36.20143952616607, 37.301838926398, 39.34220101549568, 41.433237190912536, 43.488417006527136, 39.544470909810094, 40.60857528971547, 40.53270658763397, 39.72171904141392, 41.10271799131605, 45.48704870396357, 44.26166376828482, 36.4639931371968, 40.957918757236314, 35.181556321142004, 36.73708349792117, 36.68048873693647, 33.52488509675743, 37.94326610488135, 34.67663907827992, 35.94124321469905, 38.95739080391848, 38.497308323804226, 35.349691837116616, 35.924240347342234, 36.57209639125485, 34.339014454079425, 33.54889092260921, 31.76662929500949, 34.35870683131479, 36.38727590231697, 36.41840176065328, 33.23642161559926, 27.765539658466462, 37.514398770901366, 36.588207819908966, 30.89829490062737, 17.539552263994352, 13.532409428651269]"
NM,"[50.116696279681825, 38.27220117964161, 36.58574400227447, 40.1142002485626, 42.639017387361186, 33.033308419489394, 37.321307085152505, 35.90012237839594, 40.05006402387179, 34.66617503338329, 57.942828386063745, 49.09418254264363, 47.00607621750493, 44.20962325624838, 47.6204305235205, 50.175237011759386, 42.570575658218324, 41.525392654343705, 47.71044340353825, 51.69705051948196, 52.30566055051728, 54.13482884905057, 53.06200365860877, 50.87092108584222, 51.05606780628038, 49.61722074635247, 52.051730809336156, 57.29223855982629, 53.03469417936636, 53.343671433597784, 54.58959484147218, 50.778414226425, 46.91141799888032, 42.69486301175037, 44.04997097938064, 41.53332483612885, 39.19764848245105, 43.441296700225564, 50.20472761828412, 46.26904905788335, 45.47398466895225, 41.671394768329655, 45.797430460816976, 46.93478312821739, 40.996917368986296, 45.05394816006141, 44.999753908258285, 44.89447413349347, 38.55225288370895, 46.4261838157306, 49.35660924297115, 47.841598863507954, 50.16527612468951, 36.50812212824169, 38.640138250825466, 31.881410512070737, 27.97627456369608, 40.66024673919513, 35.158290060339844, 38.42136443412271, 27.319727029333745, 23.756530703336157]"
NV,"[58.77619341434662, 58.689248896538274, 53.66641538488454, 55.31613450273704, 55.12847509548765, 48.60652095776389, 55.07449839710153, 53.66677864889043, 52.804550393562536, 45.351974960350724, 70.14592968490959, 67.9224466340977, 65.8830872991409, 69.04049251941989, 69.71494529337757, 69.44972303824126, 65.39774894951233, 73.07171413766926, 69.69993276184232, 71.14595357042435, 68.69763793979806, 68.5002204737944, 73.48440099494816, 67.85347636386713, 68.32354352045994, 65.39402553243656, 67.86197503101572, 71.28793666455806, 69.22005825513385, 65.71417073561999, 68.55865913471013, 74.34077547001887, 60.48168931012658, 63.55789126020319, 61.03068838472368, 60.260883400039184, 64.86595142663634, 62.77694260878396, 65.01476486557706, 57.257421163557346, 63.32030744942954, 61.644705409184475, 62.16267413742019, 60.6774599143285, 61.65337725418407, 64.07825002294442, 62.05182392483966, 66.6534614612064, 63.154866093321026, 62.18466232261883, 63.51697102769082, 66.23914401255956, 59.97092870905578, 55.1610526329723, 59.935681328479106, 53.79576005837802, 49.99511544091903, 59.24096884923314, 59.4552787494146, 55.027054605351324, 38.09620582684542, 30.56256963206777]"
NY,"[54.86260829306114, 51.57415277626706, 51.02551376892791, 55.51922287994407, 62.58981588018909, 43.898695971172266, 49.92510860847054, 57.1904835494415, 53.29233487665976, 46.201679758876715, 63.049097313733476, 61.299247652584064, 59.04794813134868, 56.25212008773134, 58.50720806072622, 60.25234991935834, 62.045187668363816, 58.810249388543575, 60.46026903529536, 57.69421116228597, 60.27356267553981, 58.23414247610443, 56.320146188617926, 55.9024815703391, 52.40742296485569, 54.31740764571492, 53.47594954027147, 56.20689887763165, 56.392468001884936, 56.640178247273596, 56.08406616697058, 55.01591575742073, 58.04457927097005, 59.148236820563575, 56.41416411963548, 49.08987330947231, 50.99586820777069, 50.21315358087614, 49.46494187401499, 47.5932303903834, 50.741595688371326, 51.08880909680406, 51.12816213469556, 47.437110592596035, 52.1987225737365, 50.570426798891056, 48.000708142007205, 53.84404216394932, 48.752289752272816, 46.65233737000268, 54.768241823176965, 54.918508068644314, 51.822268735318154, 49.66635835788186, 51.36470413114503, 43.24022839298316, 36.70250802781235, 53.91873459125064, 47.62587192153307, 39.27795528716563, 30.878794455297623, 20.578972351657747]"
New York City,"[64.5936924202113, 60.72410345145109, 60.22067388953458, 65.2957197548299, 64.03766702524283, 53.59170175394925, 59.85153640275149, 68.37839400512571, 64.37034429076449, 51.05344449112016, 77.29199698428158, 72.10913332313416, 72.40446981809502, 67.28637274106417, 69.16284132791803, 71.86359606135498, 72.65386601782824, 68.82798515794646, 73.36974568038531, 67.29611037013031, 73.12689401779853, 69.51289429672195, 66.26034013576249, 66.96156640469803, 61.4858166196931, 64.28232291229223, 63.21780466270246, 67.29376580276347, 67.67976758582007, 68.28730777379951, 67.93493801784398, 66.37647160481768, 69.86939138934933, 70.82350690510346, 67.98133607760322, 60.01883938519504, 63.96490381167694, 59.97772423706368, 60.12808988823346, 56.8358444526635, 60.41195858576364, 62.23637994381771, 61.484008951646004, 59.497785569664075, 62.245652815793704, 62.15870339580997, 58.00063192210503, 65.18116268072357, 61.720291303804366, 58.68076153205109, 71.47932959964064, 70.49523836825108, 65.2382624283936, 61.742657821938074, 62.56341098992797, 52.19032004674424, 43.137431145657104, 64.73331371661335, 55.435152310766256, 43.942518592285175, 37.50355947035524, 24.99110186018775]"
OH,"[35.81608709647967, 31.108957747711774, 27.784979061616177, 28.079535757953803, 25.95514131473271, 26.238856139858303, 29.47479812480062, 29.34694726764777, 33.669176185231315, 32.124688418678254, 41.972547741841886, 43.74368860586405, 39.934897571141626, 34.36629886427249, 33.844374871763875, 33.910148829791524, 34.537840746458976, 34.566676403967534, 36.27245899619035, 37.133151778945006, 38.31398011139301, 38.62764913763526, 37.7390795941563, 38.42441268253149, 41.530521566294745, 39.25006783556601, 39.70673757345983, 40.543518658556486, 40.37962558803187, 38.64349762053259, 38.22605300518692, 35.60039892591021, 37.13587267524359, 34.124100674554434, 34.79310650568576, 31.700180256499692, 30.57220824657988, 31.518068808237253, 32.135256657073214, 32.473601469782714, 33.12435280958916, 32.63962063172228, 31.841689792538446, 31.172868940492602, 33.507842589582516, 32.428108205049575, 29.422768058454928, 35.40670504606896, 30.18274033785241, 36.38387676135718, 36.49524950604318, 37.19974370092721, 34.2033856360406, 33.21728960772598, 31.71358067401825, 29.76444936668382, 23.807573232938303, 32.2021759044147, 32.816390840718626, 34.34644546820531, 20.461910082703625, 12.944424779607882]"
OK,"[41.75533681100268, 38.72126959885641, 32.1853617862162, 31.46832318538145, 33.1369134036053, 28.355498376843876, 33.91107176631886, 35.39204775373781, 32.741037584401944, 26.96807182866263, 48.91321660383751, 63.67383803160861, 42.40086289486123, 39.617648676824274, 38.9471374373185, 39.04851855362243, 37.822127502357894, 34.15034330416666, 40.20156994066493, 40.96362798013008, 46.2883168489921, 48.09459775804003, 45.488072914778364, 49.044374243438675, 46.3678374051701, 46.327998078357325, 52.52415384647726, 49.20995392673029, 49.3429088622752, 47.799426110344704, 47.73947423603426, 44.66929789831982, 40.742154927218046, 34.26571196533314, 42.2342375506484, 38.50022594134356, 41.491552868131144, 42.75892925522428, 37.079611917524026, 37.485994257711866, 41.462562657439655, 40.83893164985993, 37.79433308355723, 38.155176053409036, 36.386675695938244, 38.02442492261492, 35.820954280047026, 46.570587555059824, 36.381555285360285, 39.92971168281172, 44.86150693020691, 49.44113668013663, 47.33245938881669, 39.64538433312972, 39.1375125087759, 30.508129655162893, 28.259893487290448, 37.56525121426401, 35.36601882088782, 35.17413014059559, 33.54559057446723, 22.372588341161197]"
OR,"[54.42699617007097, 47.65765393263661, 46.248395575888914, 52.832653523396495, 47.21085304713663, 42.44952282281057, 47.842689370174504, 51.102500122711795, 49.380775038190755, 39.855157925324654, 59.22600663393518, 65.55894071988746, 67.8631658862112, 60.001388357454125, 59.59969849167502, 55.119018207290345, 53.037969674535745, 53.23148695673432, 57.078614152540645, 55.75029385881589, 55.086853398027, 56.076142912715845, 50.19917593839793, 62.75316615599364, 58.909816138438536, 62.980604272534215, 49.041796380791816, 58.66734516267096, 58.48478609940528, 57.3228445516085, 60.407435370793245, 59.804238234100964, 58.87934838707292, 61.767679493266115, 60.49897202319835, 62.05155405109265, 62.33472248206814, 58.856305317230046, 59.907010158693765, 51.9931685330781, 52.933915004355796, 53.86506640699332, 52.8220205785248, 48.53265928612746, 51.64232754814138, 51.010288431664, 50.33757916722097, 49.856546186426066, 48.6792184513983, 59.36263485883584, 55.12623674104866, 53.3916290208539, 62.116955318751046, 44.79743028712207, 50.76808274752392, 42.055746209631295, 38.7905688651116, 49.76507362620287, 51.703320977396075, 38.54671265324275, 27.29405069303483, 20.902260313921076]"
PA,"[38.8693613379734, 38.14977472687779, 37.50217939887174, 39.12555993637687, 37.2394821742169, 37.67000545078413, 38.19168815020483, 38.62116659472249, 44.66501106925372, 36.925400957001074, 47.852661833790286, 43.588685350229206, 45.93898764333914, 43.140198973713424, 42.68301435240867, 44.29066879547204, 40.35175628028886, 42.36352660978898, 45.137415492792975, 47.84369217903541, 48.988942570395714, 44.56467361900142, 45.32183186930521, 45.835004205196675, 45.928676492398566, 46.953498116580725, 44.9677572390756, 47.20332628749824, 45.10527990898017, 45.111685845884274, 45.3342659719096, 48.144257826915904, 47.70605296192696, 46.444277706897346, 40.587261978637606, 38.5021507747204, 39.74262277793608, 40.90194866840415, 42.052313038452574, 40.06384299680375, 41.98343572810339, 41.27605620138202, 44.022638277051904, 42.11556291162824, 41.83136905758195, 39.77563729757114, 40.35086027168134, 42.559985897564175, 39.67722343770513, 40.725936424976155, 39.428313640401534, 41.57989285884432, 41.1575408308075, 41.46073663412, 38.75863469566188, 34.28413124191918, 31.22076869961376, 43.11539933218553, 45.999284615257594, 37.706467889713224, 22.145247070324448, 16.944586359339542]"
PR,"[42.5208986171877, 37.58075610809272, 36.933762798938275, 36.13568427804493, 31.639135054899093, 28.972375113475557, 36.20778282955593, 22.361870915198327, 23.594236690997388, 38.273597276493675, 35.97398896105946, 39.502129735908426, 25.066861098477425, 34.77966524438446, 46.198608324685814, 39.04057152298429, 48.177817823230725, 26.88327616201473, 40.59388437078815, 39.60767199349192, 35.2092322133893, 29.272417628730178, 41.72593970136224, 40.277234555078174, 31.494330997813435, 45.093583523634464, 45.889456554075956, 43.414950588282636, 28.748398299120673, 39.25761608718783, 37.53610405361515, 31.436082882736088, 33.868392881579744, 22.64009345601127, 32.5948895713246, 37.51697964718173, 33.49204883123721, 28.796990629846114, 21.475255589147658, 31.338278822795463, 31.67505550649373, 27.96741201294265, 32.41355470134547, 31.521117341817828, 26.50205398840012, 42.87887615103989, 40.049258988547614, 40.66646702853128, 32.76636641615515, 39.559439890462976, 43.01950687721039, 30.842387661794422, 42.23001729050807, 40.12566266121885, 34.959545888230856, 31.59510319148353, 30.808916759119164, 46.41146620379553, 36.934077195966246, 34.11218138853754, 26.72186617349313, 14.546549233945667]"
RI,"[34.156115494758964, 32.85989603408027, 38.48762548608737, 27.311147968462812, 32.238151805371885, 26.509557269506594, 30.03775848276923, 39.95714785733135, 34.03598868223786, 44.49940189806141, 48.853138020635996, 51.88745251995158, 45.6061535953227, 42.75296642145429, 46.70352858436383, 37.92310735401474, 29.517269416243032, 30.60574429347568, 37.13203660805821, 45.200895046474365, 42.64717486440632, 34.685410282522696, 34.18251069789092, 34.482408586055826, 30.84600506198997, 42.19675659176541, 32.54077645195214, 33.199263837029264, 32.586334043726, 37.52576738818475, 32.14049620553824, 34.57299795875195, 35.7404804717768, 33.99981314603745, 34.066924021115106, 26.013257424063124, 21.687870848088075, 31.89463209791829, 34.147674018101696, 24.227973746537792, 38.94909877385341, 31.08113162763742, 30.988953448097377, 35.66708909966122, 36.04056438576582, 37.816456894358296, 34.411156496727706, 29.26491758822759, 26.294334255715732, 34.07513193298789, 26.220749404138147, 35.30935311654557, 37.841898575188935, 36.553967884551746, 27.316979536852298, 24.44779248875596, 16.17376958642638, 35.555814002928805, 32.081742637316296, 35.99462372855233, 19.30365762653917, 10.085957980426333]"
SC,"[41.245093277594435, 44.32313114383377, 31.165891618816143, 31.249687283269157, 30.935075391701407, 27.427122755437555, 32.82405531220042, 31.05139880378579, 31.349572264557015, 31.209748958338825, 44.16285048896014, 38.457873951981725, 39.26088501814189, 37.53860622849651, 41.617382549897386, 40.74878979039764, 34.464375167249486, 36.277233980459705, 36.39990965027054, 38.302277701643575, 37.739012452654976, 35.0368779603746, 39.33080705116448, 41.0525350898774, 38.95914675054801, 41.25897631842489, 43.7644311155669, 40.98972300764969, 41.29112890239692, 42.253251135952844, 39.80063077342441, 40.51836214535223, 39.18449087041709, 36.78625331127622, 37.67539826673724, 32.60513199627868, 32.49768865197762, 36.42996985762261, 35.617973320142205, 36.253871758069664, 36.1910831579655, 37.65639663414753, 36.700264593050775, 33.092180870824826, 36.73641824292594, 36.06263087111451, 32.38966524108674, 39.37149219381465, 34.92211692424064, 41.0046817344309, 39.630298541137826, 41.732150841811844, 37.550878125667616, 37.10921907308015, 35.61971542991015, 29.72953168691009, 26.56584009247216, 36.435277380526095, 35.42901674760503, 33.82545267263154, 23.293624847841873, 17.029247746533386]"
SD,"[46.385250112024146, 38.069787032380965, 42.552249026462825, 47.279547491254256, 40.807064000840676, 34.94960848002166, 47.46468835934818, 47.747480800322094, 52.488514956508105, 53.20041318127107, 49.46945561866581, 46.388720462775744, 52.777105596652056, 53.087707385286386, 44.153016003345925, 47.9578162062916, 53.83646045134668, 57.676705912077395, 60.12443043703211, 46.38395950658651, 56.115257010948426, 50.17297192624228, 52.91398400374485, 52.905293662718066, 48.95133125056756, 65.58876532357273, 55.344009317168634, 53.15177686603128, 56.09892117757063, 55.160001763395464, 58.61288511840309, 53.33454179888343, 58.1932305377949, 46.450063130833215, 51.761991800636245, 49.37474148271547, 46.12207546010026, 46.73596799458487, 59.89103852050263, 44.82034483368625, 50.456889473133785, 54.89208063352917, 45.385314653000385, 40.30435810908751, 50.773714050005296, 49.2786528620155, 43.37231313132098, 45.78429581390989, 47.819142422744704, 50.03204886139596, 43.675829342295955, 46.32506944206018, 57.00834125314045, 59.18316448514349, 45.33306215646286, 44.137377374519346, 38.46680245186435, 51.26600800791905, 46.57264350819048, 53.23433663192254, 31.692014721481648, 25.9510779565345]"
TN,"[41.53957162219406, 36.31792211855822, 34.000785156726735, 37.6703089051196, 34.204431278970986, 31.041237496140113, 36.815753433730286, 36.25569622610433, 39.25880743089062, 35.46757006273014, 49.759465784546926, 46.41596598172512, 45.43146335414739, 42.960843328677775, 46.52154404636447, 43.1407682773026, 40.09017253460927, 45.27976116747713, 45.686850078978864, 44.96366992704117, 49.4035875374755, 46.35820903192633, 47.55753590367008, 48.85896056546922, 47.20787009907201, 53.95166824799675, 51.87229564235546, 49.97485660564482, 48.86164808216612, 47.61853690413708, 46.365850851111276, 41.67956907213138, 43.93781671393717, 39.71441517018901, 41.9818790029052, 41.828111350707466, 42.717792038305674, 42.40156838608162, 42.74837741043903, 45.31495060841752, 47.88889954455232, 42.91954085656238, 39.3145443141743, 38.353783995124274, 41.726404477956606, 42.06153670570495, 40.80348538130849, 51.019789857273885, 40.29606867024163, 42.981918877776316, 44.426811711617155, 54.378998211954205, 48.869024263767116, 36.5182843515411, 38.89853374119617, 33.717651129975536, 26.90375020451365, 37.579673411277454, 37.929563911767595, 38.650403107041924, 26.76078006082157, 18.078385503006427]"
TX,"[52.648940710587006, 57.1064304378707, 55.96795589163773, 55.105356528243725, 54.259916702693396, 47.5804659585083, 56.443163509164236, 57.99640084046471, 56.23888237306628, 48.797503703035716, 83.45926783083851, 71.98135348084348, 65.13004903085759, 64.61628734237505, 63.40887374825999, 67.59757620462152, 62.55642587430853, 61.10593339468459, 63.59737607658267, 57.37983481968389, 66.61091502394981, 66.63054431476601, 66.51598765090614, 68.78926284218353, 65.13543726247192, 71.6806285627696, 71.4838949785471, 72.61862427827988, 68.73961823033801, 58.2080279320381, 57.268305816105155, 56.533290289742965, 55.06747359875058, 50.066897820509126, 49.89086864892785, 47.84507112671661, 49.808418796883146, 45.83745089831702, 49.35453040980895, 48.764866683685206, 49.467134946714886, 49.06269238444455, 48.39215608039983, 46.87200983847515, 50.48856318869804, 47.17118992619993, 48.3534425509277, 58.01871146621308, 45.29513082664095, 50.0423271658897, 51.84609997041035, 57.39271212044696, 52.876934992815286, 47.61445545754668, 47.088560432303616, 41.03119295783705, 36.696496487821065, 46.88415052745356, 45.86732597026222, 49.7089202865321, 33.46650953815008, 24.71235231305086]"
UT,"[53.96649768075243, 35.38569439013249, 44.80848425658811, 44.17284406190155, 41.07817347804985, 34.715482612777905, 49.60687353549297, 47.995507759513366, 41.134248320803664, 34.89656204357787, 58.40124376882896, 54.39580567160142, 50.097767618607655, 52.450881263959424, 48.886188188254025, 52.922069589801175, 52.17315453280035, 55.5993682083007, 65.08876805869802, 63.79365214831642, 63.63471226234066, 53.21992076384868, 52.4310618876842, 60.264088405894135, 61.963238298936574, 66.55333283600757, 55.91890476350817, 54.91172963330283, 59.322999424823045, 54.84152249678918, 50.38053874780043, 53.74663047928001, 44.50602600882349, 50.96227746533774, 48.42981204854541, 52.05182275168459, 48.23572937800903, 51.04945368139141, 51.42387268449715, 48.79316624658927, 51.364121146714275, 51.46720365508035, 48.48777784605807, 43.678176646250265, 43.54685429145234, 49.2923609197188, 55.09792436021144, 50.62313795551471, 47.52315317029796, 45.65512894757635, 62.900134072539714, 59.146462346972285, 58.33181917763532, 44.95480713963509, 51.995232348769534, 39.822773734734334, 36.929442863580405, 42.805886922328774, 46.28972539852835, 42.93221043855951, 30.83953148591623, 17.747057188524572]"
United States,"[49.659961839581754, 45.651188306601256, 44.54469755694566, 46.27982127974955, 47.19615529774679, 39.19987358506452, 45.35900857251972, 45.70828870384842, 46.83693118461857, 42.10064150933825, 59.30566857442064, 56.90489242455379, 54.39601823424146, 53.79892913647857, 53.757320121950656, 53.4143411425365, 51.678964390148714, 51.975086835355135, 54.6280535479352, 54.05959747001082, 56.349688630179976, 55.26406711724486, 54.7191062121944, 56.824420833238115, 55.97080488379228, 57.38109141282305, 55.85729157501473, 56.59958389288607, 56.14964346775627, 54.56343482544228, 53.924470713028015, 53.58809738536035, 52.56265811409226, 50.001913474537496, 49.838874358005064, 47.103117314781464, 48.45665078315898, 47.38299369511638, 47.993417285321314, 47.718884867032465, 47.940633214794644, 48.85754701864558, 47.548722653013584, 45.82735209333047, 48.56989920323287, 47.34287805565742, 45.86879126457266, 51.86881061622195, 45.77681544746006, 47.91665057458126, 51.15706491280965, 53.23589013325152, 52.034713602276796, 45.34468600398088, 45.616953391417, 39.482595793039366, 35.471085759339815, 47.163744221292, 45.41195042221108, 41.45040672228001, 29.398138355490982, 21.641080041462043]"
VA,"[44.16768004960412, 37.829907180198795, 39.08875342021712, 39.27525275025807, 35.9452793958216, 32.808092597763554, 40.05681020401211, 38.86646637476528, 42.95720142705206, 38.758825897119976, 53.16640726484288, 45.64092101481994, 46.660989759632685, 48.46938091423518, 46.63642501722826, 46.77495201350647, 42.69315853922379, 43.77291493397564, 46.098669772317066, 50.30619799987419, 49.580286958792094, 47.90190539358375, 47.54692073192786, 50.47056505482311, 46.23236957509727, 47.08183773769164, 48.49632348865923, 50.41262723761637, 50.76674300750847, 50.843367108532284, 51.14410804160739, 48.87501649940869, 46.923192630924795, 46.0045998664595, 44.833498880301974, 42.46447309752483, 38.785458118300994, 41.123979371988284, 38.83848358495959, 43.438346356540116, 41.32536023042354, 42.26209933660543, 44.16144063677418, 38.5952931475756, 45.420589189920165, 43.36339948274714, 44.393069001033936, 48.67907722572923, 41.715167302580575, 42.145892692588994, 46.429361943244075, 51.69400394935485, 47.918504923420976, 43.99255839892904, 42.62813322657372, 34.776325055117475, 34.44257968946549, 42.58391391084764, 45.67243173597619, 39.56077336343885, 23.324299600048963, 18.34176733570198]"
VI,"[50.21262245838825, 131.0245063080591, 46.13060788933755, 161.87358028423074, 113.04668172218877, 37.80545991192197, 125.84230476677332, 129.94083075601898, 90.12802345696922, 174.6065406564512, 114.40020522549385, 153.098354878261, 127.2923219937462, 142.3960926626474, 62.33955689444929, 140.14665196019078, 165.3839707506908, 86.82269392924128, 148.5284823472244, 186.75986999503488, 127.11512624911421, 132.44550458663778, 72.5662772235852, 99.8485009303924, 171.64676239720634, 85.92313564860153, 123.25223344134828, 65.11588086309779, 25.25087346282744, 86.49627792853344, 21.453722589461623, 102.80982751813141, 35.27500587446071, 82.33372049092364, 104.84258038191443, 168.81088681459312, 73.46570354000283, 62.95552852818695, 102.24285913388078, 88.95948419954334, 40.91702527767533, 140.09427648011015, 40.04410854022765, 24.481717042102552, 77.42603921893806, 57.60680609621603, 94.7358425916274, 59.48326998862206, 134.12921969240756, 132.6779017605756, 74.02960095012159, 83.0293271417216, 119.76287776468502, 113.02193397755569, 95.50272119510522, 112.91111944372126, 78.76707929596789, 85.69769875310226, 141.0756886321394, 128.67138504619456, 99.105142145347, 28.60691880814453]"
VT,"[16.248550946607054, 29.51006023737969, 32.61418577245177, 31.327454511385284, 27.38346956857697, 32.736050316895316, 24.031845984966417, 44.80106194291143, 40.693104768525785, 40.949069301874935, 54.675684980256406, 39.72619868359456, 30.569956084728908, 41.611307750824736, 56.54942604498766, 45.55220111160502, 60.66155197938346, 51.918770226383856, 44.47471366639493, 42.657505582746246, 42.33452779324791, 33.00414075951977, 38.06723926641296, 46.71538216759532, 48.12745567770381, 46.29580179511292, 41.79242231919557, 51.85761318111068, 35.9535548009003, 31.22193236376152, 35.18624852696664, 50.324468439973934, 47.94949144823037, 43.307795332642854, 54.42853668481619, 50.77935984547474, 35.131671372985075, 45.57130853691516, 35.17929290511145, 35.894652647329394, 42.10851498597717, 60.44610611836629, 51.86927711351471, 30.49016021252743, 41.93523734715095, 47.39757552131097, 46.45050794785738, 53.26517736778515, 41.17505629086161, 28.578459904119228, 40.145339138722974, 40.7473967928716, 39.13351204814869, 43.14633761377711, 31.456646208469923, 32.24162181366043, 25.39154616702724, 43.378138356250545, 55.928974572197426, 38.053216887733036, 21.202052407539707, 13.825221742025516]"
WA,"[55.9076180286641, 43.777648874452495, 46.84833050648656, 50.32528084182864, 45.880752194148606, 40.782848935132535, 47.40221532228821, 48.642681552900626, 53.38855699839032, 42.14752028149255, 60.894925643076036, 59.44215269689419, 59.263102639246604, 59.0528025668031, 66.80984319988487, 54.866568213167284, 54.04813127302846, 59.95382426359552, 60.923529396593494, 65.11581068532132, 60.90935446192117, 60.050883140316714, 52.6164567975442, 61.247180406994474, 59.14092010578617, 62.62389636978018, 59.03670277889854, 56.412224309473636, 58.6202702082694, 60.14777930450115, 60.19538562424457, 60.969147334335155, 60.284231907437935, 59.0915714457263, 60.60604208984552, 58.624742996177254, 63.594339851103726, 63.443882845056756, 60.154223134356315, 59.64490593203326, 55.72601671038589, 56.6373276741555, 54.69366293898412, 55.55735834303415, 66.48437537137514, 58.159619261227114, 54.54948655081507, 51.2100308787111, 54.69392611634213, 61.44763901196861, 62.0096373030365, 61.51547007024848, 59.78970578158771, 52.769886743723745, 49.99035161487397, 42.83356692536675, 37.75534007473213, 56.578058342028214, 43.760517825360154, 35.43194488718779, 26.016920620011287, 19.958472658922023]"
WI,"[36.10761806844625, 38.88569967584141, 39.038827996083604, 40.68358195197732, 35.293405037640596, 32.8340361759533, 39.904798520933376, 37.576356275431905, 39.676233648499434, 32.27094961154054, 50.748455811005876, 60.03195629879522, 49.22313031188485, 43.29256542471307, 44.398418661829005, 44.18018258717201, 47.796259012823455, 42.66944697243431, 39.536733417256144, 41.18399548857842, 46.08331470516338, 44.36044922507869, 42.354215528938845, 45.32931158768713, 53.16711007587205, 45.86666203037565, 43.680210262473345, 45.126280800719776, 43.78817048993355, 46.06334342194793, 43.116874991622325, 45.30780091826668, 47.84394059941186, 43.49260917500563, 46.908764543875655, 34.956454516926755, 44.74842256888941, 45.31446205016508, 41.33650341760959, 41.55252922325886, 39.25768964327092, 38.824323367856024, 40.393307735198604, 47.68015007175503, 41.19632562378923, 41.62584892985279, 41.12246675643539, 48.0228857563991, 36.92775635547367, 42.88651693793517, 45.34137537279831, 40.15382345616136, 44.55558854887681, 45.05755230623343, 44.672454229778175, 43.090964461071145, 34.83610305561941, 40.610347002292826, 43.24070120687157, 41.544379706381406, 25.865625716459366, 19.793403633346887]"
WV,"[36.70476660066332, 25.263194045906683, 28.378117383614892, 29.49149285909016, 23.949527638638514, 24.644523474500986, 28.377665993652847, 32.81186465910797, 33.589874113989474, 31.578103040979084, 50.69063560562813, 37.96075108695365, 33.74614539836308, 31.73497167914473, 40.097430385209435, 39.579265595590186, 33.667439921048405, 36.87114228890165, 40.25825322840536, 37.63162633926694, 45.493296102500636, 35.975525459374545, 43.334892690734094, 44.13701068087301, 44.37389565024274, 39.44746151846808, 43.05457911336913, 48.022150550612935, 53.37132762484674, 45.384285878962814, 49.599987097918756, 41.96003658057649, 38.342222275202786, 37.31520374333032, 31.317132644001827, 42.74993542153176, 31.991949466143872, 32.233665025735895, 33.04475382675756, 28.88280216287497, 37.275767024370936, 36.75450737397028, 33.628362493805554, 34.959728856354204, 28.91451787257682, 30.26238178548658, 36.819847709770016, 48.094495094112474, 34.974570083404544, 32.2527646458895, 42.538367353820725, 46.84353345604888, 34.166769530322505, 37.37679282176097, 32.417858820074905, 25.77776003881721, 20.298144549875115, 30.145869423432785, 28.402571547712093, 35.910802153521345, 28.624109785997852, 15.726321392129545]"
WY,"[48.888043697354526, 45.71859238305234, 42.906136914984494, 44.05334139570785, 35.832993213819634, 45.164845392286104, 36.25748520137229, 53.89815693084991, 51.91950628683941, 49.95162080203156, 58.3611745700681, 73.03614237471831, 52.29371071457381, 65.57796664220969, 44.34096776640862, 54.70051011241562, 52.482596416189295, 47.228958932302035, 54.04252966507415, 62.01231780764406, 53.167453482769936, 56.33064003845538, 54.47100963422781, 61.60006292080228, 63.71024179685491, 56.99799534801138, 54.50789913168874, 68.89956668521512, 58.986907774088706, 70.13894370469322, 59.79906348855008, 44.86136821693344, 44.60917346333568, 66.89287895124369, 57.299303494077904, 55.194502761823465, 46.33968687294823, 46.797808779402935, 47.99945505320957, 58.91815626487767, 44.658412886359976, 56.01815744274445, 54.14213067232765, 40.63776902795193, 54.780090648766425, 52.24548853404916, 77.09218896695229, 61.128050109549676, 43.59876133541627, 42.19936971401327, 57.14861950250361, 55.80833451045793, 63.22920718248595, 52.21167260857764, 62.519224716847646, 53.50385977095131, 33.108782994206585, 37.079654204431094, 56.299543913361255, 42.35582836411614, 46.931656935596045, 36.39438165158688]"
